Projeto,commit
Apache,0900800
Apache,0ddfa41
Apache,1a3c8e3
Apache,1b48bb3
Apache,1f46088
Apache,2a6cbfa
Apache,3407ecc
Apache,35ae2e2
Apache,4202d5f
Apache,4945115
Apache,56d9881
Apache,581635e
Apache,6338509
Apache,664e3aa
Apache,9327311
Apache,97ecbec
Apache,b51c893
Apache,b833f06
Apache,bbeb051
Apache,c76df14
Apache,d0040a0
Apache,d05e574
Apache,dbafef1
BusyBox,0301ffa
BusyBox,061fd0a
BusyBox,192c35f
BusyBox,199501f
BusyBox,1b487ea
BusyBox,2631486
BusyBox,5275b1e
BusyBox,5cd6461
BusyBox,9575518
BusyBox,b273d66
BusyBox,b62bd7b
BusyBox,b7ebc61
BusyBox,bc0ffc0
BusyBox,cc3f20b
BusyBox,cf1f2ac
BusyBox,df7b657
BusyBox,ebee301
BusyBox,eef2317
Marlin,2d22902
Marlin,2db384a
Marlin,3024821
Marlin,31873ec
Marlin,53be0f3
Marlin,7336e6d
Marlin,831016b
Marlin,8c4377d
Marlin,a7fc1f8
Marlin,b8e79dc
Marlin,e30bfed
Marlin,f87c808
Marlin,fc3c76f
Marlin,fdac8f6